source_file,method,output_file,n_rows,n_cols
sim_mar_r10pct_rep001.csv,complete_case,imputed_data/complete_case/complete_case_sim_mar_r10pct_rep001.csv,814,12
sim_mar_r10pct_rep001.csv,mean_mode,imputed_data/mean_mode/mean_mode_sim_mar_r10pct_rep001.csv,1500,12
sim_mar_r10pct_rep001.csv,knn,imputed_data/knn/knn_sim_mar_r10pct_rep001.csv,1500,12
sim_mar_r10pct_rep001.csv,missforest,imputed_data/missforest/missforest_sim_mar_r10pct_rep001.csv,1500,12
sim_mar_r10pct_rep001.csv,mice,imputed_data/mice/mice_sim_mar_r10pct_rep001.csv,15000,12
sim_mar_r10pct_rep002.csv,complete_case,imputed_data/complete_case/complete_case_sim_mar_r10pct_rep002.csv,827,12
sim_mar_r10pct_rep002.csv,mean_mode,imputed_data/mean_mode/mean_mode_sim_mar_r10pct_rep002.csv,1500,12
sim_mar_r10pct_rep002.csv,knn,imputed_data/knn/knn_sim_mar_r10pct_rep002.csv,1500,12
sim_mar_r10pct_rep002.csv,missforest,imputed_data/missforest/missforest_sim_mar_r10pct_rep002.csv,1500,12
sim_mar_r10pct_rep002.csv,mice,imputed_data/mice/mice_sim_mar_r10pct_rep002.csv,15000,12
sim_mar_r10pct_rep003.csv,complete_case,imputed_data/complete_case/complete_case_sim_mar_r10pct_rep003.csv,814,12
sim_mar_r10pct_rep003.csv,mean_mode,imputed_data/mean_mode/mean_mode_sim_mar_r10pct_rep003.csv,1500,12
sim_mar_r10pct_rep003.csv,knn,imputed_data/knn/knn_sim_mar_r10pct_rep003.csv,1500,12
sim_mar_r10pct_rep003.csv,missforest,imputed_data/missforest/missforest_sim_mar_r10pct_rep003.csv,1500,12
sim_mar_r10pct_rep003.csv,mice,imputed_data/mice/mice_sim_mar_r10pct_rep003.csv,15000,12
sim_mar_r10pct_rep004.csv,complete_case,imputed_data/complete_case/complete_case_sim_mar_r10pct_rep004.csv,818,12
sim_mar_r10pct_rep004.csv,mean_mode,imputed_data/mean_mode/mean_mode_sim_mar_r10pct_rep004.csv,1500,12
sim_mar_r10pct_rep004.csv,knn,imputed_data/knn/knn_sim_mar_r10pct_rep004.csv,1500,12
sim_mar_r10pct_rep004.csv,missforest,imputed_data/missforest/missforest_sim_mar_r10pct_rep004.csv,1500,12
sim_mar_r10pct_rep004.csv,mice,imputed_data/mice/mice_sim_mar_r10pct_rep004.csv,15000,12
sim_mar_r10pct_rep005.csv,complete_case,imputed_data/complete_case/complete_case_sim_mar_r10pct_rep005.csv,814,12
sim_mar_r10pct_rep005.csv,mean_mode,imputed_data/mean_mode/mean_mode_sim_mar_r10pct_rep005.csv,1500,12
sim_mar_r10pct_rep005.csv,knn,imputed_data/knn/knn_sim_mar_r10pct_rep005.csv,1500,12
sim_mar_r10pct_rep005.csv,missforest,imputed_data/missforest/missforest_sim_mar_r10pct_rep005.csv,1500,12
sim_mar_r10pct_rep005.csv,mice,imputed_data/mice/mice_sim_mar_r10pct_rep005.csv,15000,12
sim_mar_r10pct_rep006.csv,complete_case,imputed_data/complete_case/complete_case_sim_mar_r10pct_rep006.csv,804,12
sim_mar_r10pct_rep006.csv,mean_mode,imputed_data/mean_mode/mean_mode_sim_mar_r10pct_rep006.csv,1500,12
sim_mar_r10pct_rep006.csv,knn,imputed_data/knn/knn_sim_mar_r10pct_rep006.csv,1500,12
sim_mar_r10pct_rep006.csv,missforest,imputed_data/missforest/missforest_sim_mar_r10pct_rep006.csv,1500,12
sim_mar_r10pct_rep006.csv,mice,imputed_data/mice/mice_sim_mar_r10pct_rep006.csv,15000,12
sim_mar_r10pct_rep007.csv,complete_case,imputed_data/complete_case/complete_case_sim_mar_r10pct_rep007.csv,810,12
sim_mar_r10pct_rep007.csv,mean_mode,imputed_data/mean_mode/mean_mode_sim_mar_r10pct_rep007.csv,1500,12
sim_mar_r10pct_rep007.csv,knn,imputed_data/knn/knn_sim_mar_r10pct_rep007.csv,1500,12
sim_mar_r10pct_rep007.csv,missforest,imputed_data/missforest/missforest_sim_mar_r10pct_rep007.csv,1500,12
sim_mar_r10pct_rep007.csv,mice,imputed_data/mice/mice_sim_mar_r10pct_rep007.csv,15000,12
sim_mar_r10pct_rep008.csv,complete_case,imputed_data/complete_case/complete_case_sim_mar_r10pct_rep008.csv,813,12
sim_mar_r10pct_rep008.csv,mean_mode,imputed_data/mean_mode/mean_mode_sim_mar_r10pct_rep008.csv,1500,12
sim_mar_r10pct_rep008.csv,knn,imputed_data/knn/knn_sim_mar_r10pct_rep008.csv,1500,12
sim_mar_r10pct_rep008.csv,missforest,imputed_data/missforest/missforest_sim_mar_r10pct_rep008.csv,1500,12
sim_mar_r10pct_rep008.csv,mice,imputed_data/mice/mice_sim_mar_r10pct_rep008.csv,15000,12
sim_mar_r10pct_rep009.csv,complete_case,imputed_data/complete_case/complete_case_sim_mar_r10pct_rep009.csv,831,12
sim_mar_r10pct_rep009.csv,mean_mode,imputed_data/mean_mode/mean_mode_sim_mar_r10pct_rep009.csv,1500,12
sim_mar_r10pct_rep009.csv,knn,imputed_data/knn/knn_sim_mar_r10pct_rep009.csv,1500,12
sim_mar_r10pct_rep009.csv,missforest,imputed_data/missforest/missforest_sim_mar_r10pct_rep009.csv,1500,12
sim_mar_r10pct_rep009.csv,mice,imputed_data/mice/mice_sim_mar_r10pct_rep009.csv,15000,12
sim_mar_r10pct_rep010.csv,complete_case,imputed_data/complete_case/complete_case_sim_mar_r10pct_rep010.csv,824,12
sim_mar_r10pct_rep010.csv,mean_mode,imputed_data/mean_mode/mean_mode_sim_mar_r10pct_rep010.csv,1500,12
sim_mar_r10pct_rep010.csv,knn,imputed_data/knn/knn_sim_mar_r10pct_rep010.csv,1500,12
sim_mar_r10pct_rep010.csv,missforest,imputed_data/missforest/missforest_sim_mar_r10pct_rep010.csv,1500,12
sim_mar_r10pct_rep010.csv,mice,imputed_data/mice/mice_sim_mar_r10pct_rep010.csv,15000,12
sim_mar_r10pct_rep011.csv,complete_case,imputed_data/complete_case/complete_case_sim_mar_r10pct_rep011.csv,827,12
sim_mar_r10pct_rep011.csv,mean_mode,imputed_data/mean_mode/mean_mode_sim_mar_r10pct_rep011.csv,1500,12
sim_mar_r10pct_rep011.csv,knn,imputed_data/knn/knn_sim_mar_r10pct_rep011.csv,1500,12
sim_mar_r10pct_rep011.csv,missforest,imputed_data/missforest/missforest_sim_mar_r10pct_rep011.csv,1500,12
sim_mar_r10pct_rep011.csv,mice,imputed_data/mice/mice_sim_mar_r10pct_rep011.csv,15000,12
sim_mar_r10pct_rep012.csv,complete_case,imputed_data/complete_case/complete_case_sim_mar_r10pct_rep012.csv,820,12
sim_mar_r10pct_rep012.csv,mean_mode,imputed_data/mean_mode/mean_mode_sim_mar_r10pct_rep012.csv,1500,12
sim_mar_r10pct_rep012.csv,knn,imputed_data/knn/knn_sim_mar_r10pct_rep012.csv,1500,12
sim_mar_r10pct_rep012.csv,missforest,imputed_data/missforest/missforest_sim_mar_r10pct_rep012.csv,1500,12
sim_mar_r10pct_rep012.csv,mice,imputed_data/mice/mice_sim_mar_r10pct_rep012.csv,15000,12
sim_mar_r10pct_rep013.csv,complete_case,imputed_data/complete_case/complete_case_sim_mar_r10pct_rep013.csv,828,12
sim_mar_r10pct_rep013.csv,mean_mode,imputed_data/mean_mode/mean_mode_sim_mar_r10pct_rep013.csv,1500,12
sim_mar_r10pct_rep013.csv,knn,imputed_data/knn/knn_sim_mar_r10pct_rep013.csv,1500,12
sim_mar_r10pct_rep013.csv,missforest,imputed_data/missforest/missforest_sim_mar_r10pct_rep013.csv,1500,12
sim_mar_r10pct_rep013.csv,mice,imputed_data/mice/mice_sim_mar_r10pct_rep013.csv,15000,12
sim_mar_r10pct_rep014.csv,complete_case,imputed_data/complete_case/complete_case_sim_mar_r10pct_rep014.csv,806,12
sim_mar_r10pct_rep014.csv,mean_mode,imputed_data/mean_mode/mean_mode_sim_mar_r10pct_rep014.csv,1500,12
sim_mar_r10pct_rep014.csv,knn,imputed_data/knn/knn_sim_mar_r10pct_rep014.csv,1500,12
sim_mar_r10pct_rep014.csv,missforest,imputed_data/missforest/missforest_sim_mar_r10pct_rep014.csv,1500,12
sim_mar_r10pct_rep014.csv,mice,imputed_data/mice/mice_sim_mar_r10pct_rep014.csv,15000,12
sim_mar_r10pct_rep015.csv,complete_case,imputed_data/complete_case/complete_case_sim_mar_r10pct_rep015.csv,815,12
sim_mar_r10pct_rep015.csv,mean_mode,imputed_data/mean_mode/mean_mode_sim_mar_r10pct_rep015.csv,1500,12
sim_mar_r10pct_rep015.csv,knn,imputed_data/knn/knn_sim_mar_r10pct_rep015.csv,1500,12
sim_mar_r10pct_rep015.csv,missforest,imputed_data/missforest/missforest_sim_mar_r10pct_rep015.csv,1500,12
sim_mar_r10pct_rep015.csv,mice,imputed_data/mice/mice_sim_mar_r10pct_rep015.csv,15000,12
sim_mar_r10pct_rep016.csv,complete_case,imputed_data/complete_case/complete_case_sim_mar_r10pct_rep016.csv,823,12
sim_mar_r10pct_rep016.csv,mean_mode,imputed_data/mean_mode/mean_mode_sim_mar_r10pct_rep016.csv,1500,12
sim_mar_r10pct_rep016.csv,knn,imputed_data/knn/knn_sim_mar_r10pct_rep016.csv,1500,12
sim_mar_r10pct_rep016.csv,missforest,imputed_data/missforest/missforest_sim_mar_r10pct_rep016.csv,1500,12
sim_mar_r10pct_rep016.csv,mice,imputed_data/mice/mice_sim_mar_r10pct_rep016.csv,15000,12
sim_mar_r10pct_rep017.csv,complete_case,imputed_data/complete_case/complete_case_sim_mar_r10pct_rep017.csv,824,12
sim_mar_r10pct_rep017.csv,mean_mode,imputed_data/mean_mode/mean_mode_sim_mar_r10pct_rep017.csv,1500,12
sim_mar_r10pct_rep017.csv,knn,imputed_data/knn/knn_sim_mar_r10pct_rep017.csv,1500,12
sim_mar_r10pct_rep017.csv,missforest,imputed_data/missforest/missforest_sim_mar_r10pct_rep017.csv,1500,12
sim_mar_r10pct_rep017.csv,mice,imputed_data/mice/mice_sim_mar_r10pct_rep017.csv,15000,12
sim_mar_r10pct_rep018.csv,complete_case,imputed_data/complete_case/complete_case_sim_mar_r10pct_rep018.csv,828,12
sim_mar_r10pct_rep018.csv,mean_mode,imputed_data/mean_mode/mean_mode_sim_mar_r10pct_rep018.csv,1500,12
sim_mar_r10pct_rep018.csv,knn,imputed_data/knn/knn_sim_mar_r10pct_rep018.csv,1500,12
sim_mar_r10pct_rep018.csv,missforest,imputed_data/missforest/missforest_sim_mar_r10pct_rep018.csv,1500,12
sim_mar_r10pct_rep018.csv,mice,imputed_data/mice/mice_sim_mar_r10pct_rep018.csv,15000,12
sim_mar_r10pct_rep019.csv,complete_case,imputed_data/complete_case/complete_case_sim_mar_r10pct_rep019.csv,820,12
sim_mar_r10pct_rep019.csv,mean_mode,imputed_data/mean_mode/mean_mode_sim_mar_r10pct_rep019.csv,1500,12
sim_mar_r10pct_rep019.csv,knn,imputed_data/knn/knn_sim_mar_r10pct_rep019.csv,1500,12
sim_mar_r10pct_rep019.csv,missforest,imputed_data/missforest/missforest_sim_mar_r10pct_rep019.csv,1500,12
sim_mar_r10pct_rep019.csv,mice,imputed_data/mice/mice_sim_mar_r10pct_rep019.csv,15000,12
sim_mar_r10pct_rep020.csv,complete_case,imputed_data/complete_case/complete_case_sim_mar_r10pct_rep020.csv,831,12
sim_mar_r10pct_rep020.csv,mean_mode,imputed_data/mean_mode/mean_mode_sim_mar_r10pct_rep020.csv,1500,12
sim_mar_r10pct_rep020.csv,knn,imputed_data/knn/knn_sim_mar_r10pct_rep020.csv,1500,12
sim_mar_r10pct_rep020.csv,missforest,imputed_data/missforest/missforest_sim_mar_r10pct_rep020.csv,1500,12
sim_mar_r10pct_rep020.csv,mice,imputed_data/mice/mice_sim_mar_r10pct_rep020.csv,15000,12
sim_mar_r10pct_rep021.csv,complete_case,imputed_data/complete_case/complete_case_sim_mar_r10pct_rep021.csv,2107,12
sim_mar_r10pct_rep021.csv,mean_mode,imputed_data/mean_mode/mean_mode_sim_mar_r10pct_rep021.csv,3852,12
sim_mar_r10pct_rep021.csv,knn,imputed_data/knn/knn_sim_mar_r10pct_rep021.csv,3852,12
sim_mar_r10pct_rep021.csv,missforest,imputed_data/missforest/missforest_sim_mar_r10pct_rep021.csv,3852,12
sim_mar_r10pct_rep021.csv,mice,imputed_data/mice/mice_sim_mar_r10pct_rep021.csv,38520,12
sim_mar_r10pct_rep022.csv,complete_case,imputed_data/complete_case/complete_case_sim_mar_r10pct_rep022.csv,2101,12
sim_mar_r10pct_rep022.csv,mean_mode,imputed_data/mean_mode/mean_mode_sim_mar_r10pct_rep022.csv,3852,12
sim_mar_r10pct_rep022.csv,knn,imputed_data/knn/knn_sim_mar_r10pct_rep022.csv,3852,12
sim_mar_r10pct_rep022.csv,missforest,imputed_data/missforest/missforest_sim_mar_r10pct_rep022.csv,3852,12
sim_mar_r10pct_rep022.csv,mice,imputed_data/mice/mice_sim_mar_r10pct_rep022.csv,38520,12
sim_mar_r10pct_rep023.csv,complete_case,imputed_data/complete_case/complete_case_sim_mar_r10pct_rep023.csv,2116,12
sim_mar_r10pct_rep023.csv,mean_mode,imputed_data/mean_mode/mean_mode_sim_mar_r10pct_rep023.csv,3852,12
sim_mar_r10pct_rep023.csv,knn,imputed_data/knn/knn_sim_mar_r10pct_rep023.csv,3852,12
sim_mar_r10pct_rep023.csv,missforest,imputed_data/missforest/missforest_sim_mar_r10pct_rep023.csv,3852,12
sim_mar_r10pct_rep023.csv,mice,imputed_data/mice/mice_sim_mar_r10pct_rep023.csv,38520,12
sim_mar_r10pct_rep024.csv,complete_case,imputed_data/complete_case/complete_case_sim_mar_r10pct_rep024.csv,2126,12
sim_mar_r10pct_rep024.csv,mean_mode,imputed_data/mean_mode/mean_mode_sim_mar_r10pct_rep024.csv,3852,12
sim_mar_r10pct_rep024.csv,knn,imputed_data/knn/knn_sim_mar_r10pct_rep024.csv,3852,12
sim_mar_r10pct_rep024.csv,missforest,imputed_data/missforest/missforest_sim_mar_r10pct_rep024.csv,3852,12
sim_mar_r10pct_rep024.csv,mice,imputed_data/mice/mice_sim_mar_r10pct_rep024.csv,38520,12
sim_mar_r10pct_rep025.csv,complete_case,imputed_data/complete_case/complete_case_sim_mar_r10pct_rep025.csv,2122,12
sim_mar_r10pct_rep025.csv,mean_mode,imputed_data/mean_mode/mean_mode_sim_mar_r10pct_rep025.csv,3852,12
sim_mar_r10pct_rep025.csv,knn,imputed_data/knn/knn_sim_mar_r10pct_rep025.csv,3852,12
sim_mar_r10pct_rep025.csv,missforest,imputed_data/missforest/missforest_sim_mar_r10pct_rep025.csv,3852,12
sim_mar_r10pct_rep025.csv,mice,imputed_data/mice/mice_sim_mar_r10pct_rep025.csv,38520,12
sim_mar_r10pct_rep026.csv,complete_case,imputed_data/complete_case/complete_case_sim_mar_r10pct_rep026.csv,2101,12
sim_mar_r10pct_rep026.csv,mean_mode,imputed_data/mean_mode/mean_mode_sim_mar_r10pct_rep026.csv,3852,12
sim_mar_r10pct_rep026.csv,knn,imputed_data/knn/knn_sim_mar_r10pct_rep026.csv,3852,12
sim_mar_r10pct_rep026.csv,missforest,imputed_data/missforest/missforest_sim_mar_r10pct_rep026.csv,3852,12
sim_mar_r10pct_rep026.csv,mice,imputed_data/mice/mice_sim_mar_r10pct_rep026.csv,38520,12
sim_mar_r10pct_rep027.csv,complete_case,imputed_data/complete_case/complete_case_sim_mar_r10pct_rep027.csv,2147,12
sim_mar_r10pct_rep027.csv,mean_mode,imputed_data/mean_mode/mean_mode_sim_mar_r10pct_rep027.csv,3852,12
sim_mar_r10pct_rep027.csv,knn,imputed_data/knn/knn_sim_mar_r10pct_rep027.csv,3852,12
sim_mar_r10pct_rep027.csv,missforest,imputed_data/missforest/missforest_sim_mar_r10pct_rep027.csv,3852,12
sim_mar_r10pct_rep027.csv,mice,imputed_data/mice/mice_sim_mar_r10pct_rep027.csv,38520,12
sim_mar_r10pct_rep028.csv,complete_case,imputed_data/complete_case/complete_case_sim_mar_r10pct_rep028.csv,2084,12
sim_mar_r10pct_rep028.csv,mean_mode,imputed_data/mean_mode/mean_mode_sim_mar_r10pct_rep028.csv,3852,12
sim_mar_r10pct_rep028.csv,knn,imputed_data/knn/knn_sim_mar_r10pct_rep028.csv,3852,12
sim_mar_r10pct_rep028.csv,missforest,imputed_data/missforest/missforest_sim_mar_r10pct_rep028.csv,3852,12
sim_mar_r10pct_rep028.csv,mice,imputed_data/mice/mice_sim_mar_r10pct_rep028.csv,38520,12
sim_mar_r10pct_rep029.csv,complete_case,imputed_data/complete_case/complete_case_sim_mar_r10pct_rep029.csv,2118,12
sim_mar_r10pct_rep029.csv,mean_mode,imputed_data/mean_mode/mean_mode_sim_mar_r10pct_rep029.csv,3852,12
sim_mar_r10pct_rep029.csv,knn,imputed_data/knn/knn_sim_mar_r10pct_rep029.csv,3852,12
sim_mar_r10pct_rep029.csv,missforest,imputed_data/missforest/missforest_sim_mar_r10pct_rep029.csv,3852,12
sim_mar_r10pct_rep029.csv,mice,imputed_data/mice/mice_sim_mar_r10pct_rep029.csv,38520,12
sim_mar_r10pct_rep030.csv,complete_case,imputed_data/complete_case/complete_case_sim_mar_r10pct_rep030.csv,2122,12
sim_mar_r10pct_rep030.csv,mean_mode,imputed_data/mean_mode/mean_mode_sim_mar_r10pct_rep030.csv,3852,12
sim_mar_r10pct_rep030.csv,knn,imputed_data/knn/knn_sim_mar_r10pct_rep030.csv,3852,12
sim_mar_r10pct_rep030.csv,missforest,imputed_data/missforest/missforest_sim_mar_r10pct_rep030.csv,3852,12
sim_mar_r10pct_rep030.csv,mice,imputed_data/mice/mice_sim_mar_r10pct_rep030.csv,38520,12
sim_mar_r10pct_rep031.csv,complete_case,imputed_data/complete_case/complete_case_sim_mar_r10pct_rep031.csv,2090,12
sim_mar_r10pct_rep031.csv,mean_mode,imputed_data/mean_mode/mean_mode_sim_mar_r10pct_rep031.csv,3852,12
sim_mar_r10pct_rep031.csv,knn,imputed_data/knn/knn_sim_mar_r10pct_rep031.csv,3852,12
sim_mar_r10pct_rep031.csv,missforest,imputed_data/missforest/missforest_sim_mar_r10pct_rep031.csv,3852,12
sim_mar_r10pct_rep031.csv,mice,imputed_data/mice/mice_sim_mar_r10pct_rep031.csv,38520,12
sim_mar_r10pct_rep032.csv,complete_case,imputed_data/complete_case/complete_case_sim_mar_r10pct_rep032.csv,2094,12
sim_mar_r10pct_rep032.csv,mean_mode,imputed_data/mean_mode/mean_mode_sim_mar_r10pct_rep032.csv,3852,12
sim_mar_r10pct_rep032.csv,knn,imputed_data/knn/knn_sim_mar_r10pct_rep032.csv,3852,12
sim_mar_r10pct_rep032.csv,missforest,imputed_data/missforest/missforest_sim_mar_r10pct_rep032.csv,3852,12
sim_mar_r10pct_rep032.csv,mice,imputed_data/mice/mice_sim_mar_r10pct_rep032.csv,38520,12
sim_mar_r10pct_rep033.csv,complete_case,imputed_data/complete_case/complete_case_sim_mar_r10pct_rep033.csv,2124,12
sim_mar_r10pct_rep033.csv,mean_mode,imputed_data/mean_mode/mean_mode_sim_mar_r10pct_rep033.csv,3852,12
sim_mar_r10pct_rep033.csv,knn,imputed_data/knn/knn_sim_mar_r10pct_rep033.csv,3852,12
sim_mar_r10pct_rep033.csv,missforest,imputed_data/missforest/missforest_sim_mar_r10pct_rep033.csv,3852,12
sim_mar_r10pct_rep033.csv,mice,imputed_data/mice/mice_sim_mar_r10pct_rep033.csv,38520,12
sim_mar_r10pct_rep034.csv,complete_case,imputed_data/complete_case/complete_case_sim_mar_r10pct_rep034.csv,2123,12
sim_mar_r10pct_rep034.csv,mean_mode,imputed_data/mean_mode/mean_mode_sim_mar_r10pct_rep034.csv,3852,12
sim_mar_r10pct_rep034.csv,knn,imputed_data/knn/knn_sim_mar_r10pct_rep034.csv,3852,12
sim_mar_r10pct_rep034.csv,missforest,imputed_data/missforest/missforest_sim_mar_r10pct_rep034.csv,3852,12
sim_mar_r10pct_rep034.csv,mice,imputed_data/mice/mice_sim_mar_r10pct_rep034.csv,38520,12
sim_mar_r10pct_rep035.csv,complete_case,imputed_data/complete_case/complete_case_sim_mar_r10pct_rep035.csv,2127,12
sim_mar_r10pct_rep035.csv,mean_mode,imputed_data/mean_mode/mean_mode_sim_mar_r10pct_rep035.csv,3852,12
sim_mar_r10pct_rep035.csv,knn,imputed_data/knn/knn_sim_mar_r10pct_rep035.csv,3852,12
sim_mar_r10pct_rep035.csv,missforest,imputed_data/missforest/missforest_sim_mar_r10pct_rep035.csv,3852,12
sim_mar_r10pct_rep035.csv,mice,imputed_data/mice/mice_sim_mar_r10pct_rep035.csv,38520,12
sim_mar_r10pct_rep036.csv,complete_case,imputed_data/complete_case/complete_case_sim_mar_r10pct_rep036.csv,2116,12
sim_mar_r10pct_rep036.csv,mean_mode,imputed_data/mean_mode/mean_mode_sim_mar_r10pct_rep036.csv,3852,12
sim_mar_r10pct_rep036.csv,knn,imputed_data/knn/knn_sim_mar_r10pct_rep036.csv,3852,12
sim_mar_r10pct_rep036.csv,missforest,imputed_data/missforest/missforest_sim_mar_r10pct_rep036.csv,3852,12
sim_mar_r10pct_rep036.csv,mice,imputed_data/mice/mice_sim_mar_r10pct_rep036.csv,38520,12
sim_mar_r10pct_rep037.csv,complete_case,imputed_data/complete_case/complete_case_sim_mar_r10pct_rep037.csv,2144,12
sim_mar_r10pct_rep037.csv,mean_mode,imputed_data/mean_mode/mean_mode_sim_mar_r10pct_rep037.csv,3852,12
sim_mar_r10pct_rep037.csv,knn,imputed_data/knn/knn_sim_mar_r10pct_rep037.csv,3852,12
sim_mar_r10pct_rep037.csv,missforest,imputed_data/missforest/missforest_sim_mar_r10pct_rep037.csv,3852,12
sim_mar_r10pct_rep037.csv,mice,imputed_data/mice/mice_sim_mar_r10pct_rep037.csv,38520,12
sim_mar_r10pct_rep038.csv,complete_case,imputed_data/complete_case/complete_case_sim_mar_r10pct_rep038.csv,2104,12
sim_mar_r10pct_rep038.csv,mean_mode,imputed_data/mean_mode/mean_mode_sim_mar_r10pct_rep038.csv,3852,12
sim_mar_r10pct_rep038.csv,knn,imputed_data/knn/knn_sim_mar_r10pct_rep038.csv,3852,12
sim_mar_r10pct_rep038.csv,missforest,imputed_data/missforest/missforest_sim_mar_r10pct_rep038.csv,3852,12
sim_mar_r10pct_rep038.csv,mice,imputed_data/mice/mice_sim_mar_r10pct_rep038.csv,38520,12
sim_mar_r10pct_rep039.csv,complete_case,imputed_data/complete_case/complete_case_sim_mar_r10pct_rep039.csv,2103,12
sim_mar_r10pct_rep039.csv,mean_mode,imputed_data/mean_mode/mean_mode_sim_mar_r10pct_rep039.csv,3852,12
sim_mar_r10pct_rep039.csv,knn,imputed_data/knn/knn_sim_mar_r10pct_rep039.csv,3852,12
sim_mar_r10pct_rep039.csv,missforest,imputed_data/missforest/missforest_sim_mar_r10pct_rep039.csv,3852,12
sim_mar_r10pct_rep039.csv,mice,imputed_data/mice/mice_sim_mar_r10pct_rep039.csv,38520,12
sim_mar_r10pct_rep040.csv,complete_case,imputed_data/complete_case/complete_case_sim_mar_r10pct_rep040.csv,2119,12
sim_mar_r10pct_rep040.csv,mean_mode,imputed_data/mean_mode/mean_mode_sim_mar_r10pct_rep040.csv,3852,12
sim_mar_r10pct_rep040.csv,knn,imputed_data/knn/knn_sim_mar_r10pct_rep040.csv,3852,12
sim_mar_r10pct_rep040.csv,missforest,imputed_data/missforest/missforest_sim_mar_r10pct_rep040.csv,3852,12
sim_mar_r10pct_rep040.csv,mice,imputed_data/mice/mice_sim_mar_r10pct_rep040.csv,38520,12
sim_mar_r10pct_rep041.csv,complete_case,imputed_data/complete_case/complete_case_sim_mar_r10pct_rep041.csv,2126,12
sim_mar_r10pct_rep041.csv,mean_mode,imputed_data/mean_mode/mean_mode_sim_mar_r10pct_rep041.csv,3852,12
sim_mar_r10pct_rep041.csv,knn,imputed_data/knn/knn_sim_mar_r10pct_rep041.csv,3852,12
sim_mar_r10pct_rep041.csv,missforest,imputed_data/missforest/missforest_sim_mar_r10pct_rep041.csv,3852,12
sim_mar_r10pct_rep041.csv,mice,imputed_data/mice/mice_sim_mar_r10pct_rep041.csv,38520,12
sim_mar_r10pct_rep042.csv,complete_case,imputed_data/complete_case/complete_case_sim_mar_r10pct_rep042.csv,2137,12
sim_mar_r10pct_rep042.csv,mean_mode,imputed_data/mean_mode/mean_mode_sim_mar_r10pct_rep042.csv,3852,12
sim_mar_r10pct_rep042.csv,knn,imputed_data/knn/knn_sim_mar_r10pct_rep042.csv,3852,12
sim_mar_r10pct_rep042.csv,missforest,imputed_data/missforest/missforest_sim_mar_r10pct_rep042.csv,3852,12
sim_mar_r10pct_rep042.csv,mice,imputed_data/mice/mice_sim_mar_r10pct_rep042.csv,38520,12
sim_mar_r10pct_rep043.csv,complete_case,imputed_data/complete_case/complete_case_sim_mar_r10pct_rep043.csv,2133,12
sim_mar_r10pct_rep043.csv,mean_mode,imputed_data/mean_mode/mean_mode_sim_mar_r10pct_rep043.csv,3852,12
sim_mar_r10pct_rep043.csv,knn,imputed_data/knn/knn_sim_mar_r10pct_rep043.csv,3852,12
sim_mar_r10pct_rep043.csv,missforest,imputed_data/missforest/missforest_sim_mar_r10pct_rep043.csv,3852,12
sim_mar_r10pct_rep043.csv,mice,imputed_data/mice/mice_sim_mar_r10pct_rep043.csv,38520,12
sim_mar_r10pct_rep044.csv,complete_case,imputed_data/complete_case/complete_case_sim_mar_r10pct_rep044.csv,2113,12
sim_mar_r10pct_rep044.csv,mean_mode,imputed_data/mean_mode/mean_mode_sim_mar_r10pct_rep044.csv,3852,12
sim_mar_r10pct_rep044.csv,knn,imputed_data/knn/knn_sim_mar_r10pct_rep044.csv,3852,12
sim_mar_r10pct_rep044.csv,missforest,imputed_data/missforest/missforest_sim_mar_r10pct_rep044.csv,3852,12
sim_mar_r10pct_rep044.csv,mice,imputed_data/mice/mice_sim_mar_r10pct_rep044.csv,38520,12
sim_mar_r10pct_rep045.csv,complete_case,imputed_data/complete_case/complete_case_sim_mar_r10pct_rep045.csv,2112,12
sim_mar_r10pct_rep045.csv,mean_mode,imputed_data/mean_mode/mean_mode_sim_mar_r10pct_rep045.csv,3852,12
sim_mar_r10pct_rep045.csv,knn,imputed_data/knn/knn_sim_mar_r10pct_rep045.csv,3852,12
sim_mar_r10pct_rep045.csv,missforest,imputed_data/missforest/missforest_sim_mar_r10pct_rep045.csv,3852,12
sim_mar_r10pct_rep045.csv,mice,imputed_data/mice/mice_sim_mar_r10pct_rep045.csv,38520,12
sim_mar_r10pct_rep046.csv,complete_case,imputed_data/complete_case/complete_case_sim_mar_r10pct_rep046.csv,2118,12
sim_mar_r10pct_rep046.csv,mean_mode,imputed_data/mean_mode/mean_mode_sim_mar_r10pct_rep046.csv,3852,12
sim_mar_r10pct_rep046.csv,knn,imputed_data/knn/knn_sim_mar_r10pct_rep046.csv,3852,12
sim_mar_r10pct_rep046.csv,missforest,imputed_data/missforest/missforest_sim_mar_r10pct_rep046.csv,3852,12
sim_mar_r10pct_rep046.csv,mice,imputed_data/mice/mice_sim_mar_r10pct_rep046.csv,38520,12
sim_mar_r10pct_rep047.csv,complete_case,imputed_data/complete_case/complete_case_sim_mar_r10pct_rep047.csv,2128,12
sim_mar_r10pct_rep047.csv,mean_mode,imputed_data/mean_mode/mean_mode_sim_mar_r10pct_rep047.csv,3852,12
sim_mar_r10pct_rep047.csv,knn,imputed_data/knn/knn_sim_mar_r10pct_rep047.csv,3852,12
sim_mar_r10pct_rep047.csv,missforest,imputed_data/missforest/missforest_sim_mar_r10pct_rep047.csv,3852,12
sim_mar_r10pct_rep047.csv,mice,imputed_data/mice/mice_sim_mar_r10pct_rep047.csv,38520,12
sim_mar_r10pct_rep048.csv,complete_case,imputed_data/complete_case/complete_case_sim_mar_r10pct_rep048.csv,2106,12
sim_mar_r10pct_rep048.csv,mean_mode,imputed_data/mean_mode/mean_mode_sim_mar_r10pct_rep048.csv,3852,12
sim_mar_r10pct_rep048.csv,knn,imputed_data/knn/knn_sim_mar_r10pct_rep048.csv,3852,12
sim_mar_r10pct_rep048.csv,missforest,imputed_data/missforest/missforest_sim_mar_r10pct_rep048.csv,3852,12
sim_mar_r10pct_rep048.csv,mice,imputed_data/mice/mice_sim_mar_r10pct_rep048.csv,38520,12
sim_mar_r10pct_rep049.csv,complete_case,imputed_data/complete_case/complete_case_sim_mar_r10pct_rep049.csv,2124,12
sim_mar_r10pct_rep049.csv,mean_mode,imputed_data/mean_mode/mean_mode_sim_mar_r10pct_rep049.csv,3852,12
sim_mar_r10pct_rep049.csv,knn,imputed_data/knn/knn_sim_mar_r10pct_rep049.csv,3852,12
sim_mar_r10pct_rep049.csv,missforest,imputed_data/missforest/missforest_sim_mar_r10pct_rep049.csv,3852,12
sim_mar_r10pct_rep049.csv,mice,imputed_data/mice/mice_sim_mar_r10pct_rep049.csv,38520,12
sim_mar_r10pct_rep050.csv,complete_case,imputed_data/complete_case/complete_case_sim_mar_r10pct_rep050.csv,2057,12
sim_mar_r10pct_rep050.csv,mean_mode,imputed_data/mean_mode/mean_mode_sim_mar_r10pct_rep050.csv,3852,12
sim_mar_r10pct_rep050.csv,knn,imputed_data/knn/knn_sim_mar_r10pct_rep050.csv,3852,12
sim_mar_r10pct_rep050.csv,missforest,imputed_data/missforest/missforest_sim_mar_r10pct_rep050.csv,3852,12
sim_mar_r10pct_rep050.csv,mice,imputed_data/mice/mice_sim_mar_r10pct_rep050.csv,38520,12
sim_mar_r10pct_rep051.csv,complete_case,imputed_data/complete_case/complete_case_sim_mar_r10pct_rep051.csv,2110,12
sim_mar_r10pct_rep051.csv,mean_mode,imputed_data/mean_mode/mean_mode_sim_mar_r10pct_rep051.csv,3852,12
sim_mar_r10pct_rep051.csv,knn,imputed_data/knn/knn_sim_mar_r10pct_rep051.csv,3852,12
sim_mar_r10pct_rep051.csv,missforest,imputed_data/missforest/missforest_sim_mar_r10pct_rep051.csv,3852,12
sim_mar_r10pct_rep051.csv,mice,imputed_data/mice/mice_sim_mar_r10pct_rep051.csv,38520,12
sim_mar_r10pct_rep052.csv,complete_case,imputed_data/complete_case/complete_case_sim_mar_r10pct_rep052.csv,2098,12
sim_mar_r10pct_rep052.csv,mean_mode,imputed_data/mean_mode/mean_mode_sim_mar_r10pct_rep052.csv,3852,12
sim_mar_r10pct_rep052.csv,knn,imputed_data/knn/knn_sim_mar_r10pct_rep052.csv,3852,12
sim_mar_r10pct_rep052.csv,missforest,imputed_data/missforest/missforest_sim_mar_r10pct_rep052.csv,3852,12
sim_mar_r10pct_rep052.csv,mice,imputed_data/mice/mice_sim_mar_r10pct_rep052.csv,38520,12
sim_mar_r10pct_rep053.csv,complete_case,imputed_data/complete_case/complete_case_sim_mar_r10pct_rep053.csv,2080,12
sim_mar_r10pct_rep053.csv,mean_mode,imputed_data/mean_mode/mean_mode_sim_mar_r10pct_rep053.csv,3852,12
sim_mar_r10pct_rep053.csv,knn,imputed_data/knn/knn_sim_mar_r10pct_rep053.csv,3852,12
sim_mar_r10pct_rep053.csv,missforest,imputed_data/missforest/missforest_sim_mar_r10pct_rep053.csv,3852,12
sim_mar_r10pct_rep053.csv,mice,imputed_data/mice/mice_sim_mar_r10pct_rep053.csv,38520,12
sim_mar_r10pct_rep054.csv,complete_case,imputed_data/complete_case/complete_case_sim_mar_r10pct_rep054.csv,2106,12
sim_mar_r10pct_rep054.csv,mean_mode,imputed_data/mean_mode/mean_mode_sim_mar_r10pct_rep054.csv,3852,12
sim_mar_r10pct_rep054.csv,knn,imputed_data/knn/knn_sim_mar_r10pct_rep054.csv,3852,12
sim_mar_r10pct_rep054.csv,missforest,imputed_data/missforest/missforest_sim_mar_r10pct_rep054.csv,3852,12
sim_mar_r10pct_rep054.csv,mice,imputed_data/mice/mice_sim_mar_r10pct_rep054.csv,38520,12
sim_mar_r10pct_rep055.csv,complete_case,imputed_data/complete_case/complete_case_sim_mar_r10pct_rep055.csv,2127,12
sim_mar_r10pct_rep055.csv,mean_mode,imputed_data/mean_mode/mean_mode_sim_mar_r10pct_rep055.csv,3852,12
sim_mar_r10pct_rep055.csv,knn,imputed_data/knn/knn_sim_mar_r10pct_rep055.csv,3852,12
sim_mar_r10pct_rep055.csv,missforest,imputed_data/missforest/missforest_sim_mar_r10pct_rep055.csv,3852,12
sim_mar_r10pct_rep055.csv,mice,imputed_data/mice/mice_sim_mar_r10pct_rep055.csv,38520,12
sim_mar_r10pct_rep056.csv,complete_case,imputed_data/complete_case/complete_case_sim_mar_r10pct_rep056.csv,2092,12
sim_mar_r10pct_rep056.csv,mean_mode,imputed_data/mean_mode/mean_mode_sim_mar_r10pct_rep056.csv,3852,12
sim_mar_r10pct_rep056.csv,knn,imputed_data/knn/knn_sim_mar_r10pct_rep056.csv,3852,12
sim_mar_r10pct_rep056.csv,missforest,imputed_data/missforest/missforest_sim_mar_r10pct_rep056.csv,3852,12
sim_mar_r10pct_rep056.csv,mice,imputed_data/mice/mice_sim_mar_r10pct_rep056.csv,38520,12
sim_mar_r10pct_rep057.csv,complete_case,imputed_data/complete_case/complete_case_sim_mar_r10pct_rep057.csv,2094,12
sim_mar_r10pct_rep057.csv,mean_mode,imputed_data/mean_mode/mean_mode_sim_mar_r10pct_rep057.csv,3852,12
sim_mar_r10pct_rep057.csv,knn,imputed_data/knn/knn_sim_mar_r10pct_rep057.csv,3852,12
sim_mar_r10pct_rep057.csv,missforest,imputed_data/missforest/missforest_sim_mar_r10pct_rep057.csv,3852,12
sim_mar_r10pct_rep057.csv,mice,imputed_data/mice/mice_sim_mar_r10pct_rep057.csv,38520,12
sim_mar_r10pct_rep058.csv,complete_case,imputed_data/complete_case/complete_case_sim_mar_r10pct_rep058.csv,2117,12
sim_mar_r10pct_rep058.csv,mean_mode,imputed_data/mean_mode/mean_mode_sim_mar_r10pct_rep058.csv,3852,12
sim_mar_r10pct_rep058.csv,knn,imputed_data/knn/knn_sim_mar_r10pct_rep058.csv,3852,12
sim_mar_r10pct_rep058.csv,missforest,imputed_data/missforest/missforest_sim_mar_r10pct_rep058.csv,3852,12
sim_mar_r10pct_rep058.csv,mice,imputed_data/mice/mice_sim_mar_r10pct_rep058.csv,38520,12
sim_mar_r10pct_rep059.csv,complete_case,imputed_data/complete_case/complete_case_sim_mar_r10pct_rep059.csv,2130,12
sim_mar_r10pct_rep059.csv,mean_mode,imputed_data/mean_mode/mean_mode_sim_mar_r10pct_rep059.csv,3852,12
sim_mar_r10pct_rep059.csv,knn,imputed_data/knn/knn_sim_mar_r10pct_rep059.csv,3852,12
sim_mar_r10pct_rep059.csv,missforest,imputed_data/missforest/missforest_sim_mar_r10pct_rep059.csv,3852,12
sim_mar_r10pct_rep059.csv,mice,imputed_data/mice/mice_sim_mar_r10pct_rep059.csv,38520,12
sim_mar_r10pct_rep060.csv,complete_case,imputed_data/complete_case/complete_case_sim_mar_r10pct_rep060.csv,2100,12
sim_mar_r10pct_rep060.csv,mean_mode,imputed_data/mean_mode/mean_mode_sim_mar_r10pct_rep060.csv,3852,12
sim_mar_r10pct_rep060.csv,knn,imputed_data/knn/knn_sim_mar_r10pct_rep060.csv,3852,12
sim_mar_r10pct_rep060.csv,missforest,imputed_data/missforest/missforest_sim_mar_r10pct_rep060.csv,3852,12
sim_mar_r10pct_rep060.csv,mice,imputed_data/mice/mice_sim_mar_r10pct_rep060.csv,38520,12
sim_mar_r10pct_rep061.csv,complete_case,imputed_data/complete_case/complete_case_sim_mar_r10pct_rep061.csv,2125,12
sim_mar_r10pct_rep061.csv,mean_mode,imputed_data/mean_mode/mean_mode_sim_mar_r10pct_rep061.csv,3852,12
sim_mar_r10pct_rep061.csv,knn,imputed_data/knn/knn_sim_mar_r10pct_rep061.csv,3852,12
sim_mar_r10pct_rep061.csv,missforest,imputed_data/missforest/missforest_sim_mar_r10pct_rep061.csv,3852,12
sim_mar_r10pct_rep061.csv,mice,imputed_data/mice/mice_sim_mar_r10pct_rep061.csv,38520,12
sim_mar_r10pct_rep062.csv,complete_case,imputed_data/complete_case/complete_case_sim_mar_r10pct_rep062.csv,2080,12
sim_mar_r10pct_rep062.csv,mean_mode,imputed_data/mean_mode/mean_mode_sim_mar_r10pct_rep062.csv,3852,12
sim_mar_r10pct_rep062.csv,knn,imputed_data/knn/knn_sim_mar_r10pct_rep062.csv,3852,12
sim_mar_r10pct_rep062.csv,missforest,imputed_data/missforest/missforest_sim_mar_r10pct_rep062.csv,3852,12
sim_mar_r10pct_rep062.csv,mice,imputed_data/mice/mice_sim_mar_r10pct_rep062.csv,38520,12
sim_mar_r10pct_rep063.csv,complete_case,imputed_data/complete_case/complete_case_sim_mar_r10pct_rep063.csv,2113,12
sim_mar_r10pct_rep063.csv,mean_mode,imputed_data/mean_mode/mean_mode_sim_mar_r10pct_rep063.csv,3852,12
sim_mar_r10pct_rep063.csv,knn,imputed_data/knn/knn_sim_mar_r10pct_rep063.csv,3852,12
sim_mar_r10pct_rep063.csv,missforest,imputed_data/missforest/missforest_sim_mar_r10pct_rep063.csv,3852,12
sim_mar_r10pct_rep063.csv,mice,imputed_data/mice/mice_sim_mar_r10pct_rep063.csv,38520,12
sim_mar_r10pct_rep064.csv,complete_case,imputed_data/complete_case/complete_case_sim_mar_r10pct_rep064.csv,2090,12
sim_mar_r10pct_rep064.csv,mean_mode,imputed_data/mean_mode/mean_mode_sim_mar_r10pct_rep064.csv,3852,12
sim_mar_r10pct_rep064.csv,knn,imputed_data/knn/knn_sim_mar_r10pct_rep064.csv,3852,12
sim_mar_r10pct_rep064.csv,missforest,imputed_data/missforest/missforest_sim_mar_r10pct_rep064.csv,3852,12
sim_mar_r10pct_rep064.csv,mice,imputed_data/mice/mice_sim_mar_r10pct_rep064.csv,38520,12
sim_mar_r10pct_rep065.csv,complete_case,imputed_data/complete_case/complete_case_sim_mar_r10pct_rep065.csv,2089,12
sim_mar_r10pct_rep065.csv,mean_mode,imputed_data/mean_mode/mean_mode_sim_mar_r10pct_rep065.csv,3852,12
sim_mar_r10pct_rep065.csv,knn,imputed_data/knn/knn_sim_mar_r10pct_rep065.csv,3852,12
sim_mar_r10pct_rep065.csv,missforest,imputed_data/missforest/missforest_sim_mar_r10pct_rep065.csv,3852,12
sim_mar_r10pct_rep065.csv,mice,imputed_data/mice/mice_sim_mar_r10pct_rep065.csv,38520,12
sim_mar_r10pct_rep066.csv,complete_case,imputed_data/complete_case/complete_case_sim_mar_r10pct_rep066.csv,2086,12
sim_mar_r10pct_rep066.csv,mean_mode,imputed_data/mean_mode/mean_mode_sim_mar_r10pct_rep066.csv,3852,12
sim_mar_r10pct_rep066.csv,knn,imputed_data/knn/knn_sim_mar_r10pct_rep066.csv,3852,12
sim_mar_r10pct_rep066.csv,missforest,imputed_data/missforest/missforest_sim_mar_r10pct_rep066.csv,3852,12
sim_mar_r10pct_rep066.csv,mice,imputed_data/mice/mice_sim_mar_r10pct_rep066.csv,38520,12
sim_mar_r10pct_rep067.csv,complete_case,imputed_data/complete_case/complete_case_sim_mar_r10pct_rep067.csv,2114,12
sim_mar_r10pct_rep067.csv,mean_mode,imputed_data/mean_mode/mean_mode_sim_mar_r10pct_rep067.csv,3852,12
sim_mar_r10pct_rep067.csv,knn,imputed_data/knn/knn_sim_mar_r10pct_rep067.csv,3852,12
sim_mar_r10pct_rep067.csv,missforest,imputed_data/missforest/missforest_sim_mar_r10pct_rep067.csv,3852,12
sim_mar_r10pct_rep067.csv,mice,imputed_data/mice/mice_sim_mar_r10pct_rep067.csv,38520,12
sim_mar_r10pct_rep068.csv,complete_case,imputed_data/complete_case/complete_case_sim_mar_r10pct_rep068.csv,2107,12
sim_mar_r10pct_rep068.csv,mean_mode,imputed_data/mean_mode/mean_mode_sim_mar_r10pct_rep068.csv,3852,12
sim_mar_r10pct_rep068.csv,knn,imputed_data/knn/knn_sim_mar_r10pct_rep068.csv,3852,12
sim_mar_r10pct_rep068.csv,missforest,imputed_data/missforest/missforest_sim_mar_r10pct_rep068.csv,3852,12
sim_mar_r10pct_rep068.csv,mice,imputed_data/mice/mice_sim_mar_r10pct_rep068.csv,38520,12
sim_mar_r10pct_rep069.csv,complete_case,imputed_data/complete_case/complete_case_sim_mar_r10pct_rep069.csv,2087,12
sim_mar_r10pct_rep069.csv,mean_mode,imputed_data/mean_mode/mean_mode_sim_mar_r10pct_rep069.csv,3852,12
sim_mar_r10pct_rep069.csv,knn,imputed_data/knn/knn_sim_mar_r10pct_rep069.csv,3852,12
sim_mar_r10pct_rep069.csv,missforest,imputed_data/missforest/missforest_sim_mar_r10pct_rep069.csv,3852,12
sim_mar_r10pct_rep069.csv,mice,imputed_data/mice/mice_sim_mar_r10pct_rep069.csv,38520,12
sim_mar_r10pct_rep070.csv,complete_case,imputed_data/complete_case/complete_case_sim_mar_r10pct_rep070.csv,2130,12
sim_mar_r10pct_rep070.csv,mean_mode,imputed_data/mean_mode/mean_mode_sim_mar_r10pct_rep070.csv,3852,12
sim_mar_r10pct_rep070.csv,knn,imputed_data/knn/knn_sim_mar_r10pct_rep070.csv,3852,12
sim_mar_r10pct_rep070.csv,missforest,imputed_data/missforest/missforest_sim_mar_r10pct_rep070.csv,3852,12
sim_mar_r10pct_rep070.csv,mice,imputed_data/mice/mice_sim_mar_r10pct_rep070.csv,38520,12
sim_mar_r10pct_rep071.csv,complete_case,imputed_data/complete_case/complete_case_sim_mar_r10pct_rep071.csv,2094,12
sim_mar_r10pct_rep071.csv,mean_mode,imputed_data/mean_mode/mean_mode_sim_mar_r10pct_rep071.csv,3852,12
sim_mar_r10pct_rep071.csv,knn,imputed_data/knn/knn_sim_mar_r10pct_rep071.csv,3852,12
sim_mar_r10pct_rep071.csv,missforest,imputed_data/missforest/missforest_sim_mar_r10pct_rep071.csv,3852,12
sim_mar_r10pct_rep071.csv,mice,imputed_data/mice/mice_sim_mar_r10pct_rep071.csv,38520,12
sim_mar_r10pct_rep072.csv,complete_case,imputed_data/complete_case/complete_case_sim_mar_r10pct_rep072.csv,2128,12
sim_mar_r10pct_rep072.csv,mean_mode,imputed_data/mean_mode/mean_mode_sim_mar_r10pct_rep072.csv,3852,12
sim_mar_r10pct_rep072.csv,knn,imputed_data/knn/knn_sim_mar_r10pct_rep072.csv,3852,12
sim_mar_r10pct_rep072.csv,missforest,imputed_data/missforest/missforest_sim_mar_r10pct_rep072.csv,3852,12
sim_mar_r10pct_rep072.csv,mice,imputed_data/mice/mice_sim_mar_r10pct_rep072.csv,38520,12
sim_mar_r10pct_rep073.csv,complete_case,imputed_data/complete_case/complete_case_sim_mar_r10pct_rep073.csv,2127,12
sim_mar_r10pct_rep073.csv,mean_mode,imputed_data/mean_mode/mean_mode_sim_mar_r10pct_rep073.csv,3852,12
sim_mar_r10pct_rep073.csv,knn,imputed_data/knn/knn_sim_mar_r10pct_rep073.csv,3852,12
sim_mar_r10pct_rep073.csv,missforest,imputed_data/missforest/missforest_sim_mar_r10pct_rep073.csv,3852,12
sim_mar_r10pct_rep073.csv,mice,imputed_data/mice/mice_sim_mar_r10pct_rep073.csv,38520,12
sim_mar_r10pct_rep074.csv,complete_case,imputed_data/complete_case/complete_case_sim_mar_r10pct_rep074.csv,2104,12
sim_mar_r10pct_rep074.csv,mean_mode,imputed_data/mean_mode/mean_mode_sim_mar_r10pct_rep074.csv,3852,12
sim_mar_r10pct_rep074.csv,knn,imputed_data/knn/knn_sim_mar_r10pct_rep074.csv,3852,12
sim_mar_r10pct_rep074.csv,missforest,imputed_data/missforest/missforest_sim_mar_r10pct_rep074.csv,3852,12
sim_mar_r10pct_rep074.csv,mice,imputed_data/mice/mice_sim_mar_r10pct_rep074.csv,38520,12
sim_mar_r10pct_rep075.csv,complete_case,imputed_data/complete_case/complete_case_sim_mar_r10pct_rep075.csv,2095,12
sim_mar_r10pct_rep075.csv,mean_mode,imputed_data/mean_mode/mean_mode_sim_mar_r10pct_rep075.csv,3852,12
sim_mar_r10pct_rep075.csv,knn,imputed_data/knn/knn_sim_mar_r10pct_rep075.csv,3852,12
sim_mar_r10pct_rep075.csv,missforest,imputed_data/missforest/missforest_sim_mar_r10pct_rep075.csv,3852,12
sim_mar_r10pct_rep075.csv,mice,imputed_data/mice/mice_sim_mar_r10pct_rep075.csv,38520,12
sim_mar_r10pct_rep076.csv,complete_case,imputed_data/complete_case/complete_case_sim_mar_r10pct_rep076.csv,2099,12
sim_mar_r10pct_rep076.csv,mean_mode,imputed_data/mean_mode/mean_mode_sim_mar_r10pct_rep076.csv,3852,12
sim_mar_r10pct_rep076.csv,knn,imputed_data/knn/knn_sim_mar_r10pct_rep076.csv,3852,12
sim_mar_r10pct_rep076.csv,missforest,imputed_data/missforest/missforest_sim_mar_r10pct_rep076.csv,3852,12
sim_mar_r10pct_rep076.csv,mice,imputed_data/mice/mice_sim_mar_r10pct_rep076.csv,38520,12
sim_mar_r10pct_rep077.csv,complete_case,imputed_data/complete_case/complete_case_sim_mar_r10pct_rep077.csv,2100,12
sim_mar_r10pct_rep077.csv,mean_mode,imputed_data/mean_mode/mean_mode_sim_mar_r10pct_rep077.csv,3852,12
sim_mar_r10pct_rep077.csv,knn,imputed_data/knn/knn_sim_mar_r10pct_rep077.csv,3852,12
sim_mar_r10pct_rep077.csv,missforest,imputed_data/missforest/missforest_sim_mar_r10pct_rep077.csv,3852,12
sim_mar_r10pct_rep077.csv,mice,imputed_data/mice/mice_sim_mar_r10pct_rep077.csv,38520,12
sim_mar_r10pct_rep078.csv,complete_case,imputed_data/complete_case/complete_case_sim_mar_r10pct_rep078.csv,2115,12
sim_mar_r10pct_rep078.csv,mean_mode,imputed_data/mean_mode/mean_mode_sim_mar_r10pct_rep078.csv,3852,12
sim_mar_r10pct_rep078.csv,knn,imputed_data/knn/knn_sim_mar_r10pct_rep078.csv,3852,12
sim_mar_r10pct_rep078.csv,missforest,imputed_data/missforest/missforest_sim_mar_r10pct_rep078.csv,3852,12
sim_mar_r10pct_rep078.csv,mice,imputed_data/mice/mice_sim_mar_r10pct_rep078.csv,38520,12
sim_mar_r10pct_rep079.csv,complete_case,imputed_data/complete_case/complete_case_sim_mar_r10pct_rep079.csv,2104,12
sim_mar_r10pct_rep079.csv,mean_mode,imputed_data/mean_mode/mean_mode_sim_mar_r10pct_rep079.csv,3852,12
sim_mar_r10pct_rep079.csv,knn,imputed_data/knn/knn_sim_mar_r10pct_rep079.csv,3852,12
sim_mar_r10pct_rep079.csv,missforest,imputed_data/missforest/missforest_sim_mar_r10pct_rep079.csv,3852,12
sim_mar_r10pct_rep079.csv,mice,imputed_data/mice/mice_sim_mar_r10pct_rep079.csv,38520,12
sim_mar_r10pct_rep080.csv,complete_case,imputed_data/complete_case/complete_case_sim_mar_r10pct_rep080.csv,2123,12
sim_mar_r10pct_rep080.csv,mean_mode,imputed_data/mean_mode/mean_mode_sim_mar_r10pct_rep080.csv,3852,12
sim_mar_r10pct_rep080.csv,knn,imputed_data/knn/knn_sim_mar_r10pct_rep080.csv,3852,12
sim_mar_r10pct_rep080.csv,missforest,imputed_data/missforest/missforest_sim_mar_r10pct_rep080.csv,3852,12
sim_mar_r10pct_rep080.csv,mice,imputed_data/mice/mice_sim_mar_r10pct_rep080.csv,38520,12
sim_mar_r10pct_rep081.csv,complete_case,imputed_data/complete_case/complete_case_sim_mar_r10pct_rep081.csv,2105,12
sim_mar_r10pct_rep081.csv,mean_mode,imputed_data/mean_mode/mean_mode_sim_mar_r10pct_rep081.csv,3852,12
sim_mar_r10pct_rep081.csv,knn,imputed_data/knn/knn_sim_mar_r10pct_rep081.csv,3852,12
sim_mar_r10pct_rep081.csv,missforest,imputed_data/missforest/missforest_sim_mar_r10pct_rep081.csv,3852,12
sim_mar_r10pct_rep081.csv,mice,imputed_data/mice/mice_sim_mar_r10pct_rep081.csv,38520,12
sim_mar_r10pct_rep082.csv,complete_case,imputed_data/complete_case/complete_case_sim_mar_r10pct_rep082.csv,2118,12
sim_mar_r10pct_rep082.csv,mean_mode,imputed_data/mean_mode/mean_mode_sim_mar_r10pct_rep082.csv,3852,12
sim_mar_r10pct_rep082.csv,knn,imputed_data/knn/knn_sim_mar_r10pct_rep082.csv,3852,12
sim_mar_r10pct_rep082.csv,missforest,imputed_data/missforest/missforest_sim_mar_r10pct_rep082.csv,3852,12
sim_mar_r10pct_rep082.csv,mice,imputed_data/mice/mice_sim_mar_r10pct_rep082.csv,38520,12
sim_mar_r10pct_rep083.csv,complete_case,imputed_data/complete_case/complete_case_sim_mar_r10pct_rep083.csv,2095,12
sim_mar_r10pct_rep083.csv,mean_mode,imputed_data/mean_mode/mean_mode_sim_mar_r10pct_rep083.csv,3852,12
sim_mar_r10pct_rep083.csv,knn,imputed_data/knn/knn_sim_mar_r10pct_rep083.csv,3852,12
sim_mar_r10pct_rep083.csv,missforest,imputed_data/missforest/missforest_sim_mar_r10pct_rep083.csv,3852,12
sim_mar_r10pct_rep083.csv,mice,imputed_data/mice/mice_sim_mar_r10pct_rep083.csv,38520,12
sim_mar_r10pct_rep084.csv,complete_case,imputed_data/complete_case/complete_case_sim_mar_r10pct_rep084.csv,2091,12
sim_mar_r10pct_rep084.csv,mean_mode,imputed_data/mean_mode/mean_mode_sim_mar_r10pct_rep084.csv,3852,12
sim_mar_r10pct_rep084.csv,knn,imputed_data/knn/knn_sim_mar_r10pct_rep084.csv,3852,12
sim_mar_r10pct_rep084.csv,missforest,imputed_data/missforest/missforest_sim_mar_r10pct_rep084.csv,3852,12
sim_mar_r10pct_rep084.csv,mice,imputed_data/mice/mice_sim_mar_r10pct_rep084.csv,38520,12
sim_mar_r10pct_rep085.csv,complete_case,imputed_data/complete_case/complete_case_sim_mar_r10pct_rep085.csv,2093,12
sim_mar_r10pct_rep085.csv,mean_mode,imputed_data/mean_mode/mean_mode_sim_mar_r10pct_rep085.csv,3852,12
sim_mar_r10pct_rep085.csv,knn,imputed_data/knn/knn_sim_mar_r10pct_rep085.csv,3852,12
sim_mar_r10pct_rep085.csv,missforest,imputed_data/missforest/missforest_sim_mar_r10pct_rep085.csv,3852,12
sim_mar_r10pct_rep085.csv,mice,imputed_data/mice/mice_sim_mar_r10pct_rep085.csv,38520,12
sim_mar_r10pct_rep086.csv,complete_case,imputed_data/complete_case/complete_case_sim_mar_r10pct_rep086.csv,2113,12
sim_mar_r10pct_rep086.csv,mean_mode,imputed_data/mean_mode/mean_mode_sim_mar_r10pct_rep086.csv,3852,12
sim_mar_r10pct_rep086.csv,knn,imputed_data/knn/knn_sim_mar_r10pct_rep086.csv,3852,12
sim_mar_r10pct_rep086.csv,missforest,imputed_data/missforest/missforest_sim_mar_r10pct_rep086.csv,3852,12
sim_mar_r10pct_rep086.csv,mice,imputed_data/mice/mice_sim_mar_r10pct_rep086.csv,38520,12
sim_mar_r10pct_rep087.csv,complete_case,imputed_data/complete_case/complete_case_sim_mar_r10pct_rep087.csv,2094,12
sim_mar_r10pct_rep087.csv,mean_mode,imputed_data/mean_mode/mean_mode_sim_mar_r10pct_rep087.csv,3852,12
sim_mar_r10pct_rep087.csv,knn,imputed_data/knn/knn_sim_mar_r10pct_rep087.csv,3852,12
sim_mar_r10pct_rep087.csv,missforest,imputed_data/missforest/missforest_sim_mar_r10pct_rep087.csv,3852,12
sim_mar_r10pct_rep087.csv,mice,imputed_data/mice/mice_sim_mar_r10pct_rep087.csv,38520,12
sim_mar_r10pct_rep088.csv,complete_case,imputed_data/complete_case/complete_case_sim_mar_r10pct_rep088.csv,2134,12
sim_mar_r10pct_rep088.csv,mean_mode,imputed_data/mean_mode/mean_mode_sim_mar_r10pct_rep088.csv,3852,12
sim_mar_r10pct_rep088.csv,knn,imputed_data/knn/knn_sim_mar_r10pct_rep088.csv,3852,12
sim_mar_r10pct_rep088.csv,missforest,imputed_data/missforest/missforest_sim_mar_r10pct_rep088.csv,3852,12
sim_mar_r10pct_rep088.csv,mice,imputed_data/mice/mice_sim_mar_r10pct_rep088.csv,38520,12
sim_mar_r10pct_rep089.csv,complete_case,imputed_data/complete_case/complete_case_sim_mar_r10pct_rep089.csv,2102,12
sim_mar_r10pct_rep089.csv,mean_mode,imputed_data/mean_mode/mean_mode_sim_mar_r10pct_rep089.csv,3852,12
sim_mar_r10pct_rep089.csv,knn,imputed_data/knn/knn_sim_mar_r10pct_rep089.csv,3852,12
sim_mar_r10pct_rep089.csv,missforest,imputed_data/missforest/missforest_sim_mar_r10pct_rep089.csv,3852,12
sim_mar_r10pct_rep089.csv,mice,imputed_data/mice/mice_sim_mar_r10pct_rep089.csv,38520,12
sim_mar_r10pct_rep090.csv,complete_case,imputed_data/complete_case/complete_case_sim_mar_r10pct_rep090.csv,2116,12
sim_mar_r10pct_rep090.csv,mean_mode,imputed_data/mean_mode/mean_mode_sim_mar_r10pct_rep090.csv,3852,12
sim_mar_r10pct_rep090.csv,knn,imputed_data/knn/knn_sim_mar_r10pct_rep090.csv,3852,12
sim_mar_r10pct_rep090.csv,missforest,imputed_data/missforest/missforest_sim_mar_r10pct_rep090.csv,3852,12
sim_mar_r10pct_rep090.csv,mice,imputed_data/mice/mice_sim_mar_r10pct_rep090.csv,38520,12
sim_mar_r10pct_rep091.csv,complete_case,imputed_data/complete_case/complete_case_sim_mar_r10pct_rep091.csv,2098,12
sim_mar_r10pct_rep091.csv,mean_mode,imputed_data/mean_mode/mean_mode_sim_mar_r10pct_rep091.csv,3852,12
sim_mar_r10pct_rep091.csv,knn,imputed_data/knn/knn_sim_mar_r10pct_rep091.csv,3852,12
sim_mar_r10pct_rep091.csv,missforest,imputed_data/missforest/missforest_sim_mar_r10pct_rep091.csv,3852,12
sim_mar_r10pct_rep091.csv,mice,imputed_data/mice/mice_sim_mar_r10pct_rep091.csv,38520,12
sim_mar_r10pct_rep092.csv,complete_case,imputed_data/complete_case/complete_case_sim_mar_r10pct_rep092.csv,2092,12
sim_mar_r10pct_rep092.csv,mean_mode,imputed_data/mean_mode/mean_mode_sim_mar_r10pct_rep092.csv,3852,12
sim_mar_r10pct_rep092.csv,knn,imputed_data/knn/knn_sim_mar_r10pct_rep092.csv,3852,12
sim_mar_r10pct_rep092.csv,missforest,imputed_data/missforest/missforest_sim_mar_r10pct_rep092.csv,3852,12
sim_mar_r10pct_rep092.csv,mice,imputed_data/mice/mice_sim_mar_r10pct_rep092.csv,38520,12
sim_mar_r10pct_rep093.csv,complete_case,imputed_data/complete_case/complete_case_sim_mar_r10pct_rep093.csv,2148,12
sim_mar_r10pct_rep093.csv,mean_mode,imputed_data/mean_mode/mean_mode_sim_mar_r10pct_rep093.csv,3852,12
sim_mar_r10pct_rep093.csv,knn,imputed_data/knn/knn_sim_mar_r10pct_rep093.csv,3852,12
sim_mar_r10pct_rep093.csv,missforest,imputed_data/missforest/missforest_sim_mar_r10pct_rep093.csv,3852,12
sim_mar_r10pct_rep093.csv,mice,imputed_data/mice/mice_sim_mar_r10pct_rep093.csv,38520,12
sim_mar_r10pct_rep094.csv,complete_case,imputed_data/complete_case/complete_case_sim_mar_r10pct_rep094.csv,2114,12
sim_mar_r10pct_rep094.csv,mean_mode,imputed_data/mean_mode/mean_mode_sim_mar_r10pct_rep094.csv,3852,12
sim_mar_r10pct_rep094.csv,knn,imputed_data/knn/knn_sim_mar_r10pct_rep094.csv,3852,12
sim_mar_r10pct_rep094.csv,missforest,imputed_data/missforest/missforest_sim_mar_r10pct_rep094.csv,3852,12
sim_mar_r10pct_rep094.csv,mice,imputed_data/mice/mice_sim_mar_r10pct_rep094.csv,38520,12
sim_mar_r10pct_rep095.csv,complete_case,imputed_data/complete_case/complete_case_sim_mar_r10pct_rep095.csv,2128,12
sim_mar_r10pct_rep095.csv,mean_mode,imputed_data/mean_mode/mean_mode_sim_mar_r10pct_rep095.csv,3852,12
sim_mar_r10pct_rep095.csv,knn,imputed_data/knn/knn_sim_mar_r10pct_rep095.csv,3852,12
sim_mar_r10pct_rep095.csv,missforest,imputed_data/missforest/missforest_sim_mar_r10pct_rep095.csv,3852,12
sim_mar_r10pct_rep095.csv,mice,imputed_data/mice/mice_sim_mar_r10pct_rep095.csv,38520,12
sim_mar_r10pct_rep096.csv,complete_case,imputed_data/complete_case/complete_case_sim_mar_r10pct_rep096.csv,2159,12
sim_mar_r10pct_rep096.csv,mean_mode,imputed_data/mean_mode/mean_mode_sim_mar_r10pct_rep096.csv,3852,12
sim_mar_r10pct_rep096.csv,knn,imputed_data/knn/knn_sim_mar_r10pct_rep096.csv,3852,12
sim_mar_r10pct_rep096.csv,missforest,imputed_data/missforest/missforest_sim_mar_r10pct_rep096.csv,3852,12
sim_mar_r10pct_rep096.csv,mice,imputed_data/mice/mice_sim_mar_r10pct_rep096.csv,38520,12
sim_mar_r10pct_rep097.csv,complete_case,imputed_data/complete_case/complete_case_sim_mar_r10pct_rep097.csv,2120,12
sim_mar_r10pct_rep097.csv,mean_mode,imputed_data/mean_mode/mean_mode_sim_mar_r10pct_rep097.csv,3852,12
sim_mar_r10pct_rep097.csv,knn,imputed_data/knn/knn_sim_mar_r10pct_rep097.csv,3852,12
sim_mar_r10pct_rep097.csv,missforest,imputed_data/missforest/missforest_sim_mar_r10pct_rep097.csv,3852,12
sim_mar_r10pct_rep097.csv,mice,imputed_data/mice/mice_sim_mar_r10pct_rep097.csv,38520,12
sim_mar_r10pct_rep098.csv,complete_case,imputed_data/complete_case/complete_case_sim_mar_r10pct_rep098.csv,2140,12
sim_mar_r10pct_rep098.csv,mean_mode,imputed_data/mean_mode/mean_mode_sim_mar_r10pct_rep098.csv,3852,12
sim_mar_r10pct_rep098.csv,knn,imputed_data/knn/knn_sim_mar_r10pct_rep098.csv,3852,12
sim_mar_r10pct_rep098.csv,missforest,imputed_data/missforest/missforest_sim_mar_r10pct_rep098.csv,3852,12
sim_mar_r10pct_rep098.csv,mice,imputed_data/mice/mice_sim_mar_r10pct_rep098.csv,38520,12
sim_mar_r10pct_rep099.csv,complete_case,imputed_data/complete_case/complete_case_sim_mar_r10pct_rep099.csv,2110,12
sim_mar_r10pct_rep099.csv,mean_mode,imputed_data/mean_mode/mean_mode_sim_mar_r10pct_rep099.csv,3852,12
sim_mar_r10pct_rep099.csv,knn,imputed_data/knn/knn_sim_mar_r10pct_rep099.csv,3852,12
sim_mar_r10pct_rep099.csv,missforest,imputed_data/missforest/missforest_sim_mar_r10pct_rep099.csv,3852,12
sim_mar_r10pct_rep099.csv,mice,imputed_data/mice/mice_sim_mar_r10pct_rep099.csv,38520,12
sim_mar_r10pct_rep100.csv,complete_case,imputed_data/complete_case/complete_case_sim_mar_r10pct_rep100.csv,2144,12
sim_mar_r10pct_rep100.csv,mean_mode,imputed_data/mean_mode/mean_mode_sim_mar_r10pct_rep100.csv,3852,12
sim_mar_r10pct_rep100.csv,knn,imputed_data/knn/knn_sim_mar_r10pct_rep100.csv,3852,12
sim_mar_r10pct_rep100.csv,missforest,imputed_data/missforest/missforest_sim_mar_r10pct_rep100.csv,3852,12
sim_mar_r10pct_rep100.csv,mice,imputed_data/mice/mice_sim_mar_r10pct_rep100.csv,38520,12
sim_mar_r20pct_rep001.csv,complete_case,imputed_data/complete_case/complete_case_sim_mar_r20pct_rep001.csv,415,12
sim_mar_r20pct_rep001.csv,mean_mode,imputed_data/mean_mode/mean_mode_sim_mar_r20pct_rep001.csv,1500,12
sim_mar_r20pct_rep001.csv,knn,imputed_data/knn/knn_sim_mar_r20pct_rep001.csv,1500,12
sim_mar_r20pct_rep001.csv,missforest,imputed_data/missforest/missforest_sim_mar_r20pct_rep001.csv,1500,12
sim_mar_r20pct_rep001.csv,mice,imputed_data/mice/mice_sim_mar_r20pct_rep001.csv,15000,12
sim_mar_r20pct_rep002.csv,complete_case,imputed_data/complete_case/complete_case_sim_mar_r20pct_rep002.csv,453,12
sim_mar_r20pct_rep002.csv,mean_mode,imputed_data/mean_mode/mean_mode_sim_mar_r20pct_rep002.csv,1500,12
sim_mar_r20pct_rep002.csv,knn,imputed_data/knn/knn_sim_mar_r20pct_rep002.csv,1500,12
sim_mar_r20pct_rep002.csv,missforest,imputed_data/missforest/missforest_sim_mar_r20pct_rep002.csv,1500,12
sim_mar_r20pct_rep002.csv,mice,imputed_data/mice/mice_sim_mar_r20pct_rep002.csv,15000,12
sim_mar_r20pct_rep003.csv,complete_case,imputed_data/complete_case/complete_case_sim_mar_r20pct_rep003.csv,426,12
sim_mar_r20pct_rep003.csv,mean_mode,imputed_data/mean_mode/mean_mode_sim_mar_r20pct_rep003.csv,1500,12
sim_mar_r20pct_rep003.csv,knn,imputed_data/knn/knn_sim_mar_r20pct_rep003.csv,1500,12
sim_mar_r20pct_rep003.csv,missforest,imputed_data/missforest/missforest_sim_mar_r20pct_rep003.csv,1500,12
sim_mar_r20pct_rep003.csv,mice,imputed_data/mice/mice_sim_mar_r20pct_rep003.csv,15000,12
sim_mar_r20pct_rep004.csv,complete_case,imputed_data/complete_case/complete_case_sim_mar_r20pct_rep004.csv,426,12
sim_mar_r20pct_rep004.csv,mean_mode,imputed_data/mean_mode/mean_mode_sim_mar_r20pct_rep004.csv,1500,12
sim_mar_r20pct_rep004.csv,knn,imputed_data/knn/knn_sim_mar_r20pct_rep004.csv,1500,12
sim_mar_r20pct_rep004.csv,missforest,imputed_data/missforest/missforest_sim_mar_r20pct_rep004.csv,1500,12
sim_mar_r20pct_rep004.csv,mice,imputed_data/mice/mice_sim_mar_r20pct_rep004.csv,15000,12
sim_mar_r20pct_rep005.csv,complete_case,imputed_data/complete_case/complete_case_sim_mar_r20pct_rep005.csv,450,12
sim_mar_r20pct_rep005.csv,mean_mode,imputed_data/mean_mode/mean_mode_sim_mar_r20pct_rep005.csv,1500,12
sim_mar_r20pct_rep005.csv,knn,imputed_data/knn/knn_sim_mar_r20pct_rep005.csv,1500,12
sim_mar_r20pct_rep005.csv,missforest,imputed_data/missforest/missforest_sim_mar_r20pct_rep005.csv,1500,12
sim_mar_r20pct_rep005.csv,mice,imputed_data/mice/mice_sim_mar_r20pct_rep005.csv,15000,12
sim_mar_r20pct_rep006.csv,complete_case,imputed_data/complete_case/complete_case_sim_mar_r20pct_rep006.csv,447,12
sim_mar_r20pct_rep006.csv,mean_mode,imputed_data/mean_mode/mean_mode_sim_mar_r20pct_rep006.csv,1500,12
sim_mar_r20pct_rep006.csv,knn,imputed_data/knn/knn_sim_mar_r20pct_rep006.csv,1500,12
sim_mar_r20pct_rep006.csv,missforest,imputed_data/missforest/missforest_sim_mar_r20pct_rep006.csv,1500,12
sim_mar_r20pct_rep006.csv,mice,imputed_data/mice/mice_sim_mar_r20pct_rep006.csv,15000,12
sim_mar_r20pct_rep007.csv,complete_case,imputed_data/complete_case/complete_case_sim_mar_r20pct_rep007.csv,452,12
sim_mar_r20pct_rep007.csv,mean_mode,imputed_data/mean_mode/mean_mode_sim_mar_r20pct_rep007.csv,1500,12
sim_mar_r20pct_rep007.csv,knn,imputed_data/knn/knn_sim_mar_r20pct_rep007.csv,1500,12
sim_mar_r20pct_rep007.csv,missforest,imputed_data/missforest/missforest_sim_mar_r20pct_rep007.csv,1500,12
sim_mar_r20pct_rep007.csv,mice,imputed_data/mice/mice_sim_mar_r20pct_rep007.csv,15000,12
sim_mar_r20pct_rep008.csv,complete_case,imputed_data/complete_case/complete_case_sim_mar_r20pct_rep008.csv,425,12
sim_mar_r20pct_rep008.csv,mean_mode,imputed_data/mean_mode/mean_mode_sim_mar_r20pct_rep008.csv,1500,12
sim_mar_r20pct_rep008.csv,knn,imputed_data/knn/knn_sim_mar_r20pct_rep008.csv,1500,12
sim_mar_r20pct_rep008.csv,missforest,imputed_data/missforest/missforest_sim_mar_r20pct_rep008.csv,1500,12
sim_mar_r20pct_rep008.csv,mice,imputed_data/mice/mice_sim_mar_r20pct_rep008.csv,15000,12
sim_mar_r20pct_rep009.csv,complete_case,imputed_data/complete_case/complete_case_sim_mar_r20pct_rep009.csv,447,12
sim_mar_r20pct_rep009.csv,mean_mode,imputed_data/mean_mode/mean_mode_sim_mar_r20pct_rep009.csv,1500,12
sim_mar_r20pct_rep009.csv,knn,imputed_data/knn/knn_sim_mar_r20pct_rep009.csv,1500,12
sim_mar_r20pct_rep009.csv,missforest,imputed_data/missforest/missforest_sim_mar_r20pct_rep009.csv,1500,12
sim_mar_r20pct_rep009.csv,mice,imputed_data/mice/mice_sim_mar_r20pct_rep009.csv,15000,12
sim_mar_r20pct_rep010.csv,complete_case,imputed_data/complete_case/complete_case_sim_mar_r20pct_rep010.csv,430,12
sim_mar_r20pct_rep010.csv,mean_mode,imputed_data/mean_mode/mean_mode_sim_mar_r20pct_rep010.csv,1500,12
sim_mar_r20pct_rep010.csv,knn,imputed_data/knn/knn_sim_mar_r20pct_rep010.csv,1500,12
sim_mar_r20pct_rep010.csv,missforest,imputed_data/missforest/missforest_sim_mar_r20pct_rep010.csv,1500,12
sim_mar_r20pct_rep010.csv,mice,imputed_data/mice/mice_sim_mar_r20pct_rep010.csv,15000,12
sim_mar_r20pct_rep011.csv,complete_case,imputed_data/complete_case/complete_case_sim_mar_r20pct_rep011.csv,440,12
sim_mar_r20pct_rep011.csv,mean_mode,imputed_data/mean_mode/mean_mode_sim_mar_r20pct_rep011.csv,1500,12
sim_mar_r20pct_rep011.csv,knn,imputed_data/knn/knn_sim_mar_r20pct_rep011.csv,1500,12
sim_mar_r20pct_rep011.csv,missforest,imputed_data/missforest/missforest_sim_mar_r20pct_rep011.csv,1500,12
sim_mar_r20pct_rep011.csv,mice,imputed_data/mice/mice_sim_mar_r20pct_rep011.csv,15000,12
sim_mar_r20pct_rep012.csv,complete_case,imputed_data/complete_case/complete_case_sim_mar_r20pct_rep012.csv,427,12
sim_mar_r20pct_rep012.csv,mean_mode,imputed_data/mean_mode/mean_mode_sim_mar_r20pct_rep012.csv,1500,12
sim_mar_r20pct_rep012.csv,knn,imputed_data/knn/knn_sim_mar_r20pct_rep012.csv,1500,12
sim_mar_r20pct_rep012.csv,missforest,imputed_data/missforest/missforest_sim_mar_r20pct_rep012.csv,1500,12
sim_mar_r20pct_rep012.csv,mice,imputed_data/mice/mice_sim_mar_r20pct_rep012.csv,15000,12
sim_mar_r20pct_rep013.csv,complete_case,imputed_data/complete_case/complete_case_sim_mar_r20pct_rep013.csv,442,12
sim_mar_r20pct_rep013.csv,mean_mode,imputed_data/mean_mode/mean_mode_sim_mar_r20pct_rep013.csv,1500,12
sim_mar_r20pct_rep013.csv,knn,imputed_data/knn/knn_sim_mar_r20pct_rep013.csv,1500,12
sim_mar_r20pct_rep013.csv,missforest,imputed_data/missforest/missforest_sim_mar_r20pct_rep013.csv,1500,12
sim_mar_r20pct_rep013.csv,mice,imputed_data/mice/mice_sim_mar_r20pct_rep013.csv,15000,12
sim_mar_r20pct_rep014.csv,complete_case,imputed_data/complete_case/complete_case_sim_mar_r20pct_rep014.csv,411,12
sim_mar_r20pct_rep014.csv,mean_mode,imputed_data/mean_mode/mean_mode_sim_mar_r20pct_rep014.csv,1500,12
sim_mar_r20pct_rep014.csv,knn,imputed_data/knn/knn_sim_mar_r20pct_rep014.csv,1500,12
sim_mar_r20pct_rep014.csv,missforest,imputed_data/missforest/missforest_sim_mar_r20pct_rep014.csv,1500,12
sim_mar_r20pct_rep014.csv,mice,imputed_data/mice/mice_sim_mar_r20pct_rep014.csv,15000,12
sim_mar_r20pct_rep015.csv,complete_case,imputed_data/complete_case/complete_case_sim_mar_r20pct_rep015.csv,428,12
sim_mar_r20pct_rep015.csv,mean_mode,imputed_data/mean_mode/mean_mode_sim_mar_r20pct_rep015.csv,1500,12
sim_mar_r20pct_rep015.csv,knn,imputed_data/knn/knn_sim_mar_r20pct_rep015.csv,1500,12
sim_mar_r20pct_rep015.csv,missforest,imputed_data/missforest/missforest_sim_mar_r20pct_rep015.csv,1500,12
sim_mar_r20pct_rep015.csv,mice,imputed_data/mice/mice_sim_mar_r20pct_rep015.csv,15000,12
sim_mar_r20pct_rep016.csv,complete_case,imputed_data/complete_case/complete_case_sim_mar_r20pct_rep016.csv,436,12
sim_mar_r20pct_rep016.csv,mean_mode,imputed_data/mean_mode/mean_mode_sim_mar_r20pct_rep016.csv,1500,12
sim_mar_r20pct_rep016.csv,knn,imputed_data/knn/knn_sim_mar_r20pct_rep016.csv,1500,12
sim_mar_r20pct_rep016.csv,missforest,imputed_data/missforest/missforest_sim_mar_r20pct_rep016.csv,1500,12
sim_mar_r20pct_rep016.csv,mice,imputed_data/mice/mice_sim_mar_r20pct_rep016.csv,15000,12
sim_mar_r20pct_rep017.csv,complete_case,imputed_data/complete_case/complete_case_sim_mar_r20pct_rep017.csv,433,12
sim_mar_r20pct_rep017.csv,mean_mode,imputed_data/mean_mode/mean_mode_sim_mar_r20pct_rep017.csv,1500,12
sim_mar_r20pct_rep017.csv,knn,imputed_data/knn/knn_sim_mar_r20pct_rep017.csv,1500,12
sim_mar_r20pct_rep017.csv,missforest,imputed_data/missforest/missforest_sim_mar_r20pct_rep017.csv,1500,12
sim_mar_r20pct_rep017.csv,mice,imputed_data/mice/mice_sim_mar_r20pct_rep017.csv,15000,12
sim_mar_r20pct_rep018.csv,complete_case,imputed_data/complete_case/complete_case_sim_mar_r20pct_rep018.csv,420,12
sim_mar_r20pct_rep018.csv,mean_mode,imputed_data/mean_mode/mean_mode_sim_mar_r20pct_rep018.csv,1500,12
sim_mar_r20pct_rep018.csv,knn,imputed_data/knn/knn_sim_mar_r20pct_rep018.csv,1500,12
sim_mar_r20pct_rep018.csv,missforest,imputed_data/missforest/missforest_sim_mar_r20pct_rep018.csv,1500,12
sim_mar_r20pct_rep018.csv,mice,imputed_data/mice/mice_sim_mar_r20pct_rep018.csv,15000,12
sim_mar_r20pct_rep019.csv,complete_case,imputed_data/complete_case/complete_case_sim_mar_r20pct_rep019.csv,445,12
sim_mar_r20pct_rep019.csv,mean_mode,imputed_data/mean_mode/mean_mode_sim_mar_r20pct_rep019.csv,1500,12
sim_mar_r20pct_rep019.csv,knn,imputed_data/knn/knn_sim_mar_r20pct_rep019.csv,1500,12
sim_mar_r20pct_rep019.csv,missforest,imputed_data/missforest/missforest_sim_mar_r20pct_rep019.csv,1500,12
sim_mar_r20pct_rep019.csv,mice,imputed_data/mice/mice_sim_mar_r20pct_rep019.csv,15000,12
sim_mar_r20pct_rep020.csv,complete_case,imputed_data/complete_case/complete_case_sim_mar_r20pct_rep020.csv,442,12
sim_mar_r20pct_rep020.csv,mean_mode,imputed_data/mean_mode/mean_mode_sim_mar_r20pct_rep020.csv,1500,12
sim_mar_r20pct_rep020.csv,knn,imputed_data/knn/knn_sim_mar_r20pct_rep020.csv,1500,12
sim_mar_r20pct_rep020.csv,missforest,imputed_data/missforest/missforest_sim_mar_r20pct_rep020.csv,1500,12
sim_mar_r20pct_rep020.csv,mice,imputed_data/mice/mice_sim_mar_r20pct_rep020.csv,15000,12
